{
  "3. Browse Products" : {
    "transaction" : "3. Browse Products",
    "sampleCount" : 100,
    "errorCount" : 0,
    "errorPct" : 0.0,
    "meanResTime" : 62.64000000000003,
    "medianResTime" : 65.0,
    "minResTime" : 13.0,
    "maxResTime" : 112.0,
    "pct1ResTime" : 104.9,
    "pct2ResTime" : 107.0,
    "pct3ResTime" : 111.97999999999999,
    "throughput" : 0.1010062240035231,
    "receivedKBytesPerSec" : 1.252812549871823,
    "sentKBytesPerSec" : 0.025547472672766094
  },
  "1. User Login" : {
    "transaction" : "1. User Login",
    "sampleCount" : 100,
    "errorCount" : 0,
    "errorPct" : 0.0,
    "meanResTime" : 91.76,
    "medianResTime" : 90.0,
    "minResTime" : 71.0,
    "maxResTime" : 156.0,
    "pct1ResTime" : 105.0,
    "pct2ResTime" : 113.74999999999994,
    "pct3ResTime" : 155.65999999999983,
    "throughput" : 0.100999082928327,
    "receivedKBytesPerSec" : 0.13823263156645538,
    "sentKBytesPerSec" : 0.03215400491663536
  },
  "Create Payment" : {
    "transaction" : "Create Payment",
    "sampleCount" : 100,
    "errorCount" : 50,
    "errorPct" : 50.0,
    "meanResTime" : 417.75000000000006,
    "medianResTime" : 538.0,
    "minResTime" : 5.0,
    "maxResTime" : 1009.0,
    "pct1ResTime" : 923.8,
    "pct2ResTime" : 953.95,
    "pct3ResTime" : 1008.96,
    "throughput" : 0.10105736319106814,
    "receivedKBytesPerSec" : 0.11942236779675747,
    "sentKBytesPerSec" : 0.07134116921600708
  },
  "Delete Item" : {
    "transaction" : "Delete Item",
    "sampleCount" : 100,
    "errorCount" : 0,
    "errorPct" : 0.0,
    "meanResTime" : 33.76,
    "medianResTime" : 34.0,
    "minResTime" : 6.0,
    "maxResTime" : 64.0,
    "pct1ResTime" : 53.900000000000006,
    "pct2ResTime" : 58.0,
    "pct3ResTime" : 63.95999999999998,
    "throughput" : 0.1010160191203121,
    "receivedKBytesPerSec" : 0.0975633231542858,
    "sentKBytesPerSec" : 0.060792111116105794
  },
  "Get Items" : {
    "transaction" : "Get Items",
    "sampleCount" : 100,
    "errorCount" : 0,
    "errorPct" : 0.0,
    "meanResTime" : 34.55999999999999,
    "medianResTime" : 33.0,
    "minResTime" : 7.0,
    "maxResTime" : 65.0,
    "pct1ResTime" : 57.0,
    "pct2ResTime" : 58.0,
    "pct3ResTime" : 64.95999999999998,
    "throughput" : 0.10101448850808671,
    "receivedKBytesPerSec" : 0.14767450126621662,
    "sentKBytesPerSec" : 0.054379137490315234
  },
  "Create Order" : {
    "transaction" : "Create Order",
    "sampleCount" : 100,
    "errorCount" : 16,
    "errorPct" : 16.0,
    "meanResTime" : 278.06999999999994,
    "medianResTime" : 314.0,
    "minResTime" : 5.0,
    "maxResTime" : 409.0,
    "pct1ResTime" : 397.9,
    "pct2ResTime" : 406.95,
    "pct3ResTime" : 409.0,
    "throughput" : 0.10101877433921094,
    "receivedKBytesPerSec" : 0.13929936534955023,
    "sentKBytesPerSec" : 0.07115213964077724
  },
  "Get Order Status" : {
    "transaction" : "Get Order Status",
    "sampleCount" : 100,
    "errorCount" : 16,
    "errorPct" : 16.0,
    "meanResTime" : 29.45,
    "medianResTime" : 27.0,
    "minResTime" : 2.0,
    "maxResTime" : 74.0,
    "pct1ResTime" : 56.70000000000002,
    "pct2ResTime" : 59.0,
    "pct3ResTime" : 73.87999999999994,
    "throughput" : 0.10105317620238122,
    "receivedKBytesPerSec" : 0.11795984626780305,
    "sentKBytesPerSec" : 0.054956546186859453
  },
  "4. Get Product Details" : {
    "transaction" : "4. Get Product Details",
    "sampleCount" : 100,
    "errorCount" : 0,
    "errorPct" : 0.0,
    "meanResTime" : 33.66000000000001,
    "medianResTime" : 31.0,
    "minResTime" : 8.0,
    "maxResTime" : 62.0,
    "pct1ResTime" : 56.900000000000006,
    "pct2ResTime" : 60.94999999999999,
    "pct3ResTime" : 62.0,
    "throughput" : 0.10100683614267013,
    "receivedKBytesPerSec" : 0.16206467947500686,
    "sentKBytesPerSec" : 0.027619056757761364
  },
  "JSR223 Sampler - Feliz" : {
    "transaction" : "JSR223 Sampler - Feliz",
    "sampleCount" : 75,
    "errorCount" : 0,
    "errorPct" : 0.0,
    "meanResTime" : 2.1200000000000014,
    "medianResTime" : 1.0,
    "minResTime" : 0.0,
    "maxResTime" : 27.0,
    "pct1ResTime" : 3.0,
    "pct2ResTime" : 6.40000000000002,
    "pct3ResTime" : 27.0,
    "throughput" : 0.07652998751030604,
    "receivedKBytesPerSec" : 0.0,
    "sentKBytesPerSec" : 0.0
  },
  "Create Cart" : {
    "transaction" : "Create Cart",
    "sampleCount" : 100,
    "errorCount" : 0,
    "errorPct" : 0.0,
    "meanResTime" : 38.22,
    "medianResTime" : 39.0,
    "minResTime" : 12.0,
    "maxResTime" : 63.0,
    "pct1ResTime" : 57.900000000000006,
    "pct2ResTime" : 59.0,
    "pct3ResTime" : 62.989999999999995,
    "throughput" : 0.10100561187179559,
    "receivedKBytesPerSec" : 0.12714475947533646,
    "sentKBytesPerSec" : 0.062068145771804084
  },
  "Add Item" : {
    "transaction" : "Add Item",
    "sampleCount" : 100,
    "errorCount" : 0,
    "errorPct" : 0.0,
    "meanResTime" : 106.00999999999999,
    "medianResTime" : 107.0,
    "minResTime" : 59.0,
    "maxResTime" : 161.0,
    "pct1ResTime" : 147.0,
    "pct2ResTime" : 154.0,
    "pct3ResTime" : 160.98,
    "throughput" : 0.10100173520981091,
    "receivedKBytesPerSec" : 0.12822485915308024,
    "sentKBytesPerSec" : 0.06739202693564776
  },
  "2. Get User Profile" : {
    "transaction" : "2. Get User Profile",
    "sampleCount" : 100,
    "errorCount" : 0,
    "errorPct" : 0.0,
    "meanResTime" : 34.139999999999986,
    "medianResTime" : 36.0,
    "minResTime" : 9.0,
    "maxResTime" : 57.0,
    "pct1ResTime" : 53.80000000000001,
    "pct2ResTime" : 55.0,
    "pct3ResTime" : 56.989999999999995,
    "throughput" : 0.1010078563910701,
    "receivedKBytesPerSec" : 0.1314384459385751,
    "sentKBytesPerSec" : 0.054770129161271164
  },
  "Total" : {
    "transaction" : "Total",
    "sampleCount" : 1400,
    "errorCount" : 148,
    "errorPct" : 10.571428,
    "meanResTime" : 89.55357142857136,
    "medianResTime" : 43.0,
    "minResTime" : 0.0,
    "maxResTime" : 1009.0,
    "pct1ResTime" : 154.9000000000001,
    "pct2ResTime" : 385.0,
    "pct3ResTime" : 912.98,
    "throughput" : 1.4133990227355329,
    "receivedKBytesPerSec" : 2.8068126858241125,
    "sentKBytesPerSec" : 0.706252894628579
  },
  "Update Item" : {
    "transaction" : "Update Item",
    "sampleCount" : 100,
    "errorCount" : 0,
    "errorPct" : 0.0,
    "meanResTime" : 74.39,
    "medianResTime" : 74.0,
    "minResTime" : 34.0,
    "maxResTime" : 111.0,
    "pct1ResTime" : 105.9,
    "pct2ResTime" : 107.0,
    "pct3ResTime" : 110.99,
    "throughput" : 0.10101203962500291,
    "receivedKBytesPerSec" : 0.12774471808044802,
    "sentKBytesPerSec" : 0.07065417322403157
  },
  "JSR223 Sampler - Fallo" : {
    "transaction" : "JSR223 Sampler - Fallo",
    "sampleCount" : 25,
    "errorCount" : 0,
    "errorPct" : 0.0,
    "meanResTime" : 2.4000000000000004,
    "medianResTime" : 1.0,
    "minResTime" : 1.0,
    "maxResTime" : 24.0,
    "pct1ResTime" : 3.8000000000000043,
    "pct2ResTime" : 18.299999999999986,
    "pct3ResTime" : 24.0,
    "throughput" : 0.026041151268881135,
    "receivedKBytesPerSec" : 0.0,
    "sentKBytesPerSec" : 0.0
  },
  "Get Payment" : {
    "transaction" : "Get Payment",
    "sampleCount" : 100,
    "errorCount" : 66,
    "errorPct" : 66.0,
    "meanResTime" : 17.149999999999995,
    "medianResTime" : 7.5,
    "minResTime" : 3.0,
    "maxResTime" : 61.0,
    "pct1ResTime" : 49.900000000000006,
    "pct2ResTime" : 55.849999999999966,
    "pct3ResTime" : 61.0,
    "throughput" : 0.10114404023914496,
    "receivedKBytesPerSec" : 0.11890746230614481,
    "sentKBytesPerSec" : 0.053924391922030086
  }
}